,index,0,yes_1
0,California,1.0,1.0
1,Illinois,0.9952169456781688,0.22058823529411764
2,Louisiana,0.4735223778612914,0.0
3,Michigan,0.3337888623163649,0.1323529411764706
4,Missouri,0.3518961393918688,0.10294117647058823
5,New York,0.4653228561667236,0.3235294117647059
6,Ohio,0.5514178339596857,0.1323529411764706
7,Pennsylvania,0.6269217628971643,0.23529411764705882
8,Tennessee,0.41305090536385375,0.39705882352941174
9,Texas,0.7690468056030065,0.19117647058823528
